mutation_type,edge_weight,capacity_delta_mw,turbine_dispersion_stddev,parent_rank,round_idx,project_id,scenario_id,feasible,total_route_length_m,evaluation.rank,evaluation.lifecycle_cost
EDGE_RECONNECT,1643.696039328375,0.0,1.8407010341228412e-10,1.0,1,SYN-1-CLUSTERED-8,SCN-S1-001,True,6172.2006469240805,6,905510.11
EDGE_RECONNECT,1067.4622531908196,0.0,0.0,1.0,1,SYN-1-CLUSTERED-8,SCN-S1-002,True,6260.685642238477,10,914738.09
FEEDER_SWAP,149.4635486658823,0.0,2.720053296903111e-10,1.0,1,SYN-1-CLUSTERED-8,SCN-S1-003,True,6398.706186727138,27,937252.82
EDGE_RECONNECT,1636.4588465530924,0.0,3.5994055596833804e-10,1.0,1,SYN-1-CLUSTERED-8,SCN-S1-004,True,6276.292214370329,26,916366.79
FEEDER_SWAP,172.78318550055147,0.0,1.7997027798416902e-10,1.0,1,SYN-1-CLUSTERED-8,SCN-S1-005,True,6025.336236905225,1,884330.98
FEEDER_SWAP,237.64168436031025,0.0,1.7997027798416902e-10,1.0,1,SYN-1-CLUSTERED-8,SCN-S1-006,True,6142.013537735292,2,899125.82
FEEDER_SWAP,299.3767228258351,0.0,0.0,1.0,1,SYN-1-CLUSTERED-8,SCN-S1-007,True,6437.482104802061,18,940991.21
EDGE_RECONNECT,1428.7848581700764,0.0,0.0,1.0,1,SYN-1-CLUSTERED-8,SCN-S1-008,True,6428.932883742074,24,941286.24
FEEDER_SWAP,329.1383170627806,0.0,2.720053296903111e-10,1.0,1,SYN-1-CLUSTERED-8,SCN-S1-009,True,6404.744316215455,34,937996.3
FEEDER_SWAP,333.5232442742387,0.0,9.203505170614206e-11,1.0,1,SYN-1-CLUSTERED-8,SCN-S1-010,True,6511.885975007164,23,954161.31
FEEDER_SWAP,403.4421214389148,0.0,0.0,1.0,1,SYN-1-CLUSTERED-8,SCN-S1-011,True,6488.299392281728,21,946128.09
FEEDER_SWAP,450.1063578245693,0.0,9.203505170614206e-11,1.0,1,SYN-1-CLUSTERED-8,SCN-S1-012,True,6444.003935075121,16,941298.64
FEEDER_SWAP,535.9994691686937,0.0,9.203505170614206e-11,1.0,1,SYN-1-CLUSTERED-8,SCN-S1-013,True,6494.258837199455,8,945218.86
FEEDER_SWAP,575.7371794578721,0.0,1.7997027798416902e-10,1.0,1,SYN-1-CLUSTERED-8,SCN-S1-014,True,6534.212110041351,13,949613.98
FEEDER_SWAP,578.4601948715409,0.0,9.203505170614206e-11,1.0,1,SYN-1-CLUSTERED-8,SCN-S1-015,True,6515.092934525355,11,950324.93
FEEDER_SWAP,594.0858504690436,0.0,1.7997027798416902e-10,1.0,1,SYN-1-CLUSTERED-8,SCN-S1-016,True,6545.954851939219,15,950801.04
EDGE_RECONNECT,1067.4622531908196,0.0,0.0,1.0,1,SYN-1-CLUSTERED-8,SCN-S1-017,True,7032.697362420947,30,1017338.43
EDGE_RECONNECT,1428.7848581700764,0.0,0.0,1.0,1,SYN-1-CLUSTERED-8,SCN-S1-018,True,7235.936731253914,35,1046259.92
EDGE_RECONNECT,1636.4588465530924,0.0,3.5994055596833804e-10,1.0,1,SYN-1-CLUSTERED-8,SCN-S1-019,True,7429.587109065247,37,1070675.55
EDGE_RECONNECT,1643.696039328375,0.0,1.8407010341228412e-10,1.0,1,SYN-1-CLUSTERED-8,SCN-S1-020,True,7580.362748126192,38,1094560.29
EDGE_RECONNECT,1643.696039328375,0.0,1.8407010341228412e-10,2.0,1,SYN-1-CLUSTERED-8,SCN-S1-021,True,6473.700136288475,22,944632.85
FEEDER_SWAP,149.4635486658823,0.0,9.203505170614206e-11,2.0,1,SYN-1-CLUSTERED-8,SCN-S1-022,True,6663.18607513892,33,969632.86
FEEDER_SWAP,158.17793986366314,0.0,2.924341166887374e-10,2.0,1,SYN-1-CLUSTERED-8,SCN-S1-023,True,6466.403325396784,14,943738.4
EDGE_RECONNECT,1123.265023521792,0.0,7.146558442341765e-11,2.0,1,SYN-1-CLUSTERED-8,SCN-S1-024,True,6617.987901933844,25,962681.34
EDGE_RECONNECT,1636.4588465530924,0.0,0.0,2.0,1,SYN-1-CLUSTERED-8,SCN-S1-025,True,6632.586526841201,32,964204.21
FEEDER_SWAP,316.2611760099528,0.0,3.5732792211708824e-11,2.0,1,SYN-1-CLUSTERED-8,SCN-S1-026,True,6621.218493416383,17,961409.66
FEEDER_SWAP,329.1383170627806,0.0,9.203505170614206e-11,2.0,1,SYN-1-CLUSTERED-8,SCN-S1-027,True,6641.64482534736,29,967587.92
FEEDER_SWAP,330.28478658163607,0.0,2.567013244770286e-10,2.0,1,SYN-1-CLUSTERED-8,SCN-S1-028,True,6378.402710609598,7,928842.57
EDGE_RECONNECT,1483.5796812765543,0.0,5.134026489540572e-10,2.0,1,SYN-1-CLUSTERED-8,SCN-S1-029,True,6841.02996654392,42,997945.53
FEEDER_SWAP,463.1859474481767,0.0,3.4873637618317067e-10,2.0,1,SYN-1-CLUSTERED-8,SCN-S1-030,True,6736.908893632733,40,982729.73
FEEDER_SWAP,578.4601948715409,0.0,3.4873637618317067e-10,2.0,1,SYN-1-CLUSTERED-8,SCN-S1-031,True,6550.285675099678,28,957862.94
FEEDER_SWAP,607.4976677227403,0.0,1.2776784391785087e-10,2.0,1,SYN-1-CLUSTERED-8,SCN-S1-032,True,6747.330284817805,20,979626.06
FEEDER_SWAP,656.1987413410278,0.0,1.2776784391785087e-10,2.0,1,SYN-1-CLUSTERED-8,SCN-S1-033,True,6635.33438817077,9,965304.3
EDGE_RECONNECT,1123.265023521792,0.0,7.146558442341765e-11,2.0,1,SYN-1-CLUSTERED-8,SCN-S1-034,True,7144.735440541062,31,1031308.73
EDGE_RECONNECT,1483.5796812765543,0.0,5.134026489540572e-10,2.0,1,SYN-1-CLUSTERED-8,SCN-S1-035,True,7332.755040276867,36,1058870.44
EDGE_RECONNECT,1636.4588465530924,0.0,0.0,2.0,1,SYN-1-CLUSTERED-8,SCN-S1-036,True,7823.729700650967,41,1122340.2
EDGE_RECONNECT,1643.696039328375,0.0,1.8407010341228412e-10,2.0,1,SYN-1-CLUSTERED-8,SCN-S1-037,True,7881.862237490586,39,1133683.02
EDGE_RECONNECT,1643.696039328375,0.0,1.8407010341228412e-10,1.0,2,SYN-1-CLUSTERED-8,SCN-S2-038,True,6074.123834735514,3,892419.37
EDGE_RECONNECT,1067.4622531908196,0.0,0.0,1.0,2,SYN-1-CLUSTERED-8,SCN-S2-039,True,6162.608830049911,4,901647.35
FEEDER_SWAP,149.4635486658823,0.0,9.203505170614206e-11,1.0,2,SYN-1-CLUSTERED-8,SCN-S2-040,True,6263.60977358596,19,917419.39
EDGE_RECONNECT,1849.7292095343946,0.0,232.44822456533407,1.0,1,SYN-2-SPREAD-12,SCN-S1-001,True,12311.968985198662,10,1803462.97
EDGE_RECONNECT,1955.841838344132,0.0,269.23589019953647,1.0,1,SYN-2-SPREAD-12,SCN-S1-002,True,12372.354783374063,13,1810029.79
EDGE_RECONNECT,542.292816474103,0.0,337.402118906787,1.0,1,SYN-2-SPREAD-12,SCN-S1-003,True,12377.094722746166,5,1810138.29
FEEDER_SWAP,82.47442118717726,0.0,284.9251717360605,1.0,1,SYN-2-SPREAD-12,SCN-S1-004,True,12384.652476108558,15,1816102.65
EDGE_RECONNECT,1430.124546054381,0.0,269.23589019953647,1.0,1,SYN-2-SPREAD-12,SCN-S1-005,True,12415.768814347552,14,1819798.85
EDGE_RECONNECT,1226.3313882928335,0.0,232.44822456533407,1.0,1,SYN-2-SPREAD-12,SCN-S1-006,True,12422.84778602176,17,1817569.09
EDGE_RECONNECT,542.292816474103,0.0,337.402118906787,1.0,1,SYN-2-SPREAD-12,SCN-S1-007,True,12440.646847872846,19,1822472.77
FEEDER_SWAP,203.5450998424839,0.0,284.9251717360605,1.0,1,SYN-2-SPREAD-12,SCN-S1-008,True,12410.348683182357,16,1818313.26
EDGE_RECONNECT,1818.6082859556511,0.0,393.88017162832216,1.0,1,SYN-2-SPREAD-12,SCN-S1-009,True,12537.373734570969,28,1843921.17
FEEDER_SWAP,360.1763288293762,0.0,303.31900455316173,1.0,1,SYN-2-SPREAD-12,SCN-S1-010,True,12650.265885044408,26,1852462.36
EDGE_RECONNECT,1677.519788948493,0.0,337.402118906787,1.0,1,SYN-2-SPREAD-12,SCN-S1-011,True,12703.908024835493,23,1856875.46
FEEDER_SWAP,435.446244848286,0.0,250.84205738243526,1.0,1,SYN-2-SPREAD-12,SCN-S1-012,True,13132.485098242487,29,1914422.95
FEEDER_SWAP,498.65616728062423,0.0,303.31900455316173,1.0,1,SYN-2-SPREAD-12,SCN-S1-013,True,12704.479424504238,27,1863499.64
FEEDER_SWAP,558.9835975284639,0.0,250.84205738243526,1.0,1,SYN-2-SPREAD-12,SCN-S1-014,True,13255.145833423017,33,1930221.25
EDGE_RECONNECT,2009.7783002334372,0.0,393.88017162832216,1.0,1,SYN-2-SPREAD-12,SCN-S1-015,True,12859.67203876892,31,1886486.54
FEEDER_SWAP,571.5739953711949,0.0,250.84205738243526,1.0,1,SYN-2-SPREAD-12,SCN-S1-016,True,13248.066861748808,32,1931674.83
FEEDER_SWAP,694.4523131878932,0.0,250.84205738243526,1.0,1,SYN-2-SPREAD-12,SCN-S1-017,True,13372.045666656297,34,1947608.47
EDGE_RECONNECT,1818.6082859556511,0.0,393.88017162832216,1.0,1,SYN-2-SPREAD-12,SCN-S1-018,True,13389.558331552018,25,1948190.8
EDGE_RECONNECT,1226.3313882928335,0.0,232.44822456533407,1.0,1,SYN-2-SPREAD-12,SCN-S1-019,True,13402.175666167957,39,1958529.42
EDGE_RECONNECT,1430.124546054381,0.0,269.23589019953647,1.0,1,SYN-2-SPREAD-12,SCN-S1-020,True,13589.021650913266,40,1987028.39
FEEDER_SWAP,1302.746767609734,0.0,284.9251717360605,1.0,1,SYN-2-SPREAD-12,SCN-S1-021,True,11832.156298576096,2,1738837.87
FEEDER_SWAP,1308.3587241914015,0.0,284.9251717360605,1.0,1,SYN-2-SPREAD-12,SCN-S1-022,True,12234.783014251467,3,1791639.56
FEEDER_SWAP,1331.805839876499,0.0,284.9251717360605,1.0,1,SYN-2-SPREAD-12,SCN-S1-023,True,12455.726347265685,8,1819903.76
FEEDER_SWAP,1341.5350693396854,0.0,303.31900455316173,1.0,1,SYN-2-SPREAD-12,SCN-S1-024,True,12535.992727247554,12,1833923.15
FEEDER_SWAP,1417.9876488809623,0.0,303.31900455316173,1.0,1,SYN-2-SPREAD-12,SCN-S1-025,True,12714.260784527327,21,1857702.77
FEEDER_SWAP,1523.9931931311028,0.0,313.1641980968281,1.0,1,SYN-2-SPREAD-12,SCN-S1-026,True,14168.036641049495,41,2062451.64
FEEDER_SWAP,1661.7276780586913,0.0,250.84205738243526,1.0,1,SYN-2-SPREAD-12,SCN-S1-027,True,13361.513366142564,38,1940663.33
FEEDER_SWAP,1679.045386613071,0.0,303.31900455316173,1.0,1,SYN-2-SPREAD-12,SCN-S1-028,True,12441.825726639447,6,1821102.78
FEEDER_SWAP,1723.3559538449156,0.0,284.9251717360605,1.0,1,SYN-2-SPREAD-12,SCN-S1-029,True,12260.603537939112,4,1794336.29
FEEDER_SWAP,1728.200657130593,0.0,303.31900455316173,1.0,1,SYN-2-SPREAD-12,SCN-S1-030,True,12647.391092942971,18,1847729.8
FEEDER_SWAP,1762.006372421884,0.0,284.9251717360605,1.0,1,SYN-2-SPREAD-12,SCN-S1-031,True,12466.34356806146,9,1824014.52
FEEDER_SWAP,1767.801720856862,0.0,365.6411452675546,1.0,1,SYN-2-SPREAD-12,SCN-S1-032,True,14431.649069969339,35,2087662.05
FEEDER_SWAP,1771.4358625799962,0.0,303.31900455316173,1.0,1,SYN-2-SPREAD-12,SCN-S1-033,True,11912.613584159564,1,1749908.27
FEEDER_SWAP,1797.354867287907,0.0,250.84205738243526,1.0,1,SYN-2-SPREAD-12,SCN-S1-034,True,13405.427958409748,37,1953478.68
FEEDER_SWAP,1852.7089304214599,0.0,250.84205738243526,1.0,1,SYN-2-SPREAD-12,SCN-S1-035,True,13239.062792186756,36,1930762.57
FEEDER_SWAP,1856.2611054604406,0.0,284.9251717360605,1.0,1,SYN-2-SPREAD-12,SCN-S1-036,True,12452.280364842733,7,1819558.82
FEEDER_SWAP,1876.8282381020933,0.0,313.1641980968281,1.0,1,SYN-2-SPREAD-12,SCN-S1-037,True,14370.683929225463,42,2090157.63
FEEDER_SWAP,1915.6154434718037,0.0,303.31900455316173,1.0,1,SYN-2-SPREAD-12,SCN-S1-038,True,12630.67715330683,20,1846039.56
FEEDER_SWAP,1923.149038343267,0.0,303.31900455316173,1.0,1,SYN-2-SPREAD-12,SCN-S1-039,True,12697.546844891183,22,1856019.1
FEEDER_SWAP,1958.1740799119023,0.0,365.6411452675546,1.0,1,SYN-2-SPREAD-12,SCN-S1-040,True,14027.269061111598,30,2032240.05
EDGE_RECONNECT,384.1052436509785,0.0,71.39487156368737,1.0,1,SYN-3-CLUSTERED-20,SCN-S1-001,True,14152.416226182639,6,2121066.25
EDGE_RECONNECT,282.2873091086942,0.0,51.11996586125643,1.0,1,SYN-3-CLUSTERED-20,SCN-S1-002,True,14154.528560461933,7,2124291.57
EDGE_RECONNECT,393.0726896243942,0.0,51.1346061589476,1.0,1,SYN-3-CLUSTERED-20,SCN-S1-003,True,14160.543936568665,18,2126742.65
EDGE_RECONNECT,366.0994204172398,0.0,52.12322531469043,1.0,1,SYN-3-CLUSTERED-20,SCN-S1-004,True,14163.740749408487,13,2127451.02
EDGE_RECONNECT,193.20908916491803,0.0,14.793595240528049,1.0,1,SYN-3-CLUSTERED-20,SCN-S1-005,True,14169.276849381988,11,2125028.6
EDGE_RECONNECT,1265.4350749658554,0.0,71.39487156368737,1.0,1,SYN-3-CLUSTERED-20,SCN-S1-006,True,14201.458922917109,16,2129452.14
EDGE_RECONNECT,193.20908916491803,0.0,14.793595240528049,1.0,1,SYN-3-CLUSTERED-20,SCN-S1-007,True,14203.657799758177,9,2125888.43
EDGE_RECONNECT,1714.026561306806,0.0,51.11996586125643,1.0,1,SYN-3-CLUSTERED-20,SCN-S1-008,True,14210.28817344953,17,2127431.54
EDGE_RECONNECT,2089.0975045030395,0.0,115.0424629358964,1.0,1,SYN-3-CLUSTERED-20,SCN-S1-009,True,14212.901494697137,15,2130523.79
FEEDER_SWAP,67.08262854356344,0.0,83.088534547422,1.0,1,SYN-3-CLUSTERED-20,SCN-S1-010,True,14235.396943546044,24,2134550.82
FEEDER_SWAP,83.73234499671666,0.0,32.96410069973783,1.0,1,SYN-3-CLUSTERED-20,SCN-S1-011,True,14185.495101859635,10,2123611.38
FEEDER_SWAP,86.27998790920637,0.0,32.96410069973783,1.0,1,SYN-3-CLUSTERED-20,SCN-S1-012,True,14169.919250961715,12,2124341.41
EDGE_RECONNECT,2045.5862300894262,0.0,14.793595240528049,1.0,1,SYN-3-CLUSTERED-20,SCN-S1-013,True,14240.927964793918,20,2136419.41
FEEDER_SWAP,103.63027910993135,0.0,64.91802908821222,1.0,1,SYN-3-CLUSTERED-20,SCN-S1-014,True,14374.238613555517,32,2155199.94
EDGE_RECONNECT,582.0993749631235,0.0,115.0424629358964,1.0,1,SYN-3-CLUSTERED-20,SCN-S1-015,True,14264.522084312224,21,2135219.75
EDGE_RECONNECT,2220.5774395480566,0.0,51.1346061589476,1.0,1,SYN-3-CLUSTERED-20,SCN-S1-016,True,14283.64066332652,36,2146315.88
FEEDER_SWAP,133.23845735904345,0.0,83.088534547422,1.0,1,SYN-3-CLUSTERED-20,SCN-S1-017,True,14297.406095387807,22,2135552.0
EDGE_RECONNECT,393.0726896243942,0.0,51.1346061589476,1.0,1,SYN-3-CLUSTERED-20,SCN-S1-018,True,14339.567304719347,41,2151417.26
FEEDER_SWAP,188.50897657248018,0.0,32.96410069973783,1.0,1,SYN-3-CLUSTERED-20,SCN-S1-019,True,14038.200365425808,5,2108439.02
FEEDER_SWAP,191.39149650443105,0.0,32.96410069973783,1.0,1,SYN-3-CLUSTERED-20,SCN-S1-020,True,13950.835871127549,1,2095852.33
EDGE_RECONNECT,366.0994204172398,0.0,52.12322531469043,1.0,1,SYN-3-CLUSTERED-20,SCN-S1-021,True,14349.919980582674,23,2149099.98
FEEDER_SWAP,211.32292596530928,0.0,64.91802908821222,1.0,1,SYN-3-CLUSTERED-20,SCN-S1-022,True,14445.234343396804,30,2159550.42
EDGE_RECONNECT,282.2873091086942,0.0,51.11996586125643,1.0,1,SYN-3-CLUSTERED-20,SCN-S1-023,True,14374.673194027204,29,2155452.64
FEEDER_SWAP,236.33181000426455,0.0,64.91802908821222,1.0,1,SYN-3-CLUSTERED-20,SCN-S1-024,True,14375.685601305217,34,2152984.49
FEEDER_SWAP,259.7131350336564,0.0,64.91802908821222,1.0,1,SYN-3-CLUSTERED-20,SCN-S1-025,True,14338.184547894538,35,2151647.86
FEEDER_REASSIGNMENT,260.0326304119653,5.0,25.5599829306373,1.0,1,SYN-3-CLUSTERED-20,SCN-S1-026,True,14132.273881765204,2,2119268.61
FEEDER_SWAP,260.0326304119653,0.0,25.5599829306373,1.0,1,SYN-3-CLUSTERED-20,SCN-S1-027,True,14238.382321908068,14,2134044.01
FEEDER_SWAP,261.4018357830475,0.0,32.96410069973783,1.0,1,SYN-3-CLUSTERED-20,SCN-S1-028,True,14100.740858581323,4,2115001.9
FEEDER_SWAP,266.3031402907202,0.0,83.088534547422,1.0,1,SYN-3-CLUSTERED-20,SCN-S1-029,True,14216.306211118768,25,2129565.58
FEEDER_SWAP,276.7511956400034,0.0,32.96410069973783,1.0,1,SYN-3-CLUSTERED-20,SCN-S1-030,True,14073.6486161487,3,2114662.76
FEEDER_REASSIGNMENT,290.80017831340757,5.0,26.0616126573543,1.0,1,SYN-3-CLUSTERED-20,SCN-S1-031,True,14227.47647033045,19,2137099.38
FEEDER_SWAP,290.80017831340757,0.0,26.0616126573543,1.0,1,SYN-3-CLUSTERED-20,SCN-S1-032,True,14413.998500401047,33,2162687.81
FEEDER_REASSIGNMENT,306.11494379344754,5.0,25.5599829306373,1.0,1,SYN-3-CLUSTERED-20,SCN-S1-033,True,14457.440305256,28,2161330.88
FEEDER_SWAP,306.11494379344754,0.0,25.5599829306373,1.0,1,SYN-3-CLUSTERED-20,SCN-S1-034,True,14389.323169520789,26,2152158.65
EDGE_RECONNECT,1261.8938165554434,0.0,52.12322531469043,1.0,1,SYN-3-CLUSTERED-20,SCN-S1-035,True,14458.322658640522,39,2165681.41
FEEDER_SWAP,319.8883226722267,0.0,64.91802908821222,1.0,1,SYN-3-CLUSTERED-20,SCN-S1-036,True,14451.44232510772,37,2160120.76
EDGE_RECONNECT,384.1052436509785,0.0,71.39487156368737,1.0,1,SYN-3-CLUSTERED-20,SCN-S1-037,True,14472.944472669747,38,2168701.94
FEEDER_SWAP,321.7514449660872,0.0,83.088534547422,1.0,1,SYN-3-CLUSTERED-20,SCN-S1-038,True,14307.301588151904,31,2138970.82
EDGE_RECONNECT,1455.6466283260916,0.0,1.81678538579217e-11,1.0,1,SYN-3-CLUSTERED-20,SCN-S1-039,True,14484.13647170193,40,2169867.14
FEEDER_REASSIGNMENT,349.1128281608976,5.0,25.5599829306373,1.0,1,SYN-3-CLUSTERED-20,SCN-S1-040,True,14444.678576635853,27,2162852.27
EDGE_RECONNECT,1141.9371399396694,0.0,265.0770741023451,1.0,1,SYN-4-SPREAD-30,SCN-S1-001,True,32046.54733107701,5,4803228.05
EDGE_RECONNECT,912.5434977883912,0.0,89.09340149613207,1.0,1,SYN-4-SPREAD-30,SCN-S1-002,True,32053.662040804214,6,4804089.12
EDGE_RECONNECT,2020.7283030377341,0.0,212.24085263977636,1.0,1,SYN-4-SPREAD-30,SCN-S1-003,True,32056.14332324157,8,4804590.02
EDGE_RECONNECT,497.61645646063005,0.0,265.0770741023451,1.0,1,SYN-4-SPREAD-30,SCN-S1-004,True,32058.570897446785,23,4814152.78
EDGE_RECONNECT,788.8754934697172,0.0,144.89394109641168,1.0,1,SYN-4-SPREAD-30,SCN-S1-005,True,32066.706624393482,2,4802316.06
EDGE_RECONNECT,497.61645646063005,0.0,265.0770741023451,1.0,1,SYN-4-SPREAD-30,SCN-S1-006,True,32072.38894689559,20,4809505.0
FEEDER_SWAP,89.651603509698,0.0,112.01022982104504,1.0,1,SYN-4-SPREAD-30,SCN-S1-007,True,32241.97776523986,14,4832874.97
EDGE_RECONNECT,1844.6963131892808,0.0,134.92705814595803,1.0,1,SYN-4-SPREAD-30,SCN-S1-008,True,32162.54827002283,9,4821449.22
EDGE_RECONNECT,427.10683531033004,0.0,180.32614520974832,1.0,1,SYN-4-SPREAD-30,SCN-S1-009,True,32169.767433806373,27,4822688.64
EDGE_RECONNECT,2213.836988988647,0.0,134.92705814595803,1.0,1,SYN-4-SPREAD-30,SCN-S1-010,True,32194.395592974295,22,4831606.6
EDGE_RECONNECT,691.1616308597754,0.0,180.32614520974832,1.0,1,SYN-4-SPREAD-30,SCN-S1-011,True,32198.64823275838,21,4827498.6
EDGE_RECONNECT,904.2732936010037,0.0,501.84177031523717,1.0,1,SYN-4-SPREAD-30,SCN-S1-012,True,32199.087248297128,10,4822986.55
EDGE_RECONNECT,427.10683531033004,0.0,180.32614520974832,1.0,1,SYN-4-SPREAD-30,SCN-S1-013,True,32214.98582032242,7,4824815.07
EDGE_RECONNECT,1391.2823193804643,0.0,501.84177031523717,1.0,1,SYN-4-SPREAD-30,SCN-S1-014,True,32285.29099369883,12,4833341.9
EDGE_RECONNECT,1296.0948059173522,0.0,144.89394109641168,1.0,1,SYN-4-SPREAD-30,SCN-S1-015,True,32324.532039856953,15,4832198.07
EDGE_RECONNECT,4477.181173844274,0.0,180.32614520974832,1.0,1,SYN-4-SPREAD-30,SCN-S1-016,True,32330.03117247351,26,4844146.21
EDGE_RECONNECT,702.6038829876394,0.0,212.24085263977636,1.0,1,SYN-4-SPREAD-30,SCN-S1-017,True,32333.603848635044,19,4845293.15
EDGE_RECONNECT,1027.95569219206,0.0,89.09340149613207,1.0,1,SYN-4-SPREAD-30,SCN-S1-018,True,32340.84715582954,18,4845229.46
EDGE_RECONNECT,702.6038829876394,0.0,212.24085263977636,1.0,1,SYN-4-SPREAD-30,SCN-S1-019,True,32381.619981673393,16,4848910.08
EDGE_RECONNECT,4701.781182589069,0.0,6.889314493911016e-11,1.0,1,SYN-4-SPREAD-30,SCN-S1-020,True,32400.797012720854,25,4855304.99
FEEDER_SWAP,401.71160449987104,0.0,112.01022982104504,1.0,1,SYN-4-SPREAD-30,SCN-S1-021,True,32535.681989771703,24,4868991.29
EDGE_RECONNECT,868.4584428992173,0.0,212.24085263977636,1.0,1,SYN-4-SPREAD-30,SCN-S1-022,True,32442.60560581568,28,4860534.53
FEEDER_SWAP,478.8147749154831,0.0,204.98550759937837,1.0,1,SYN-4-SPREAD-30,SCN-S1-023,True,32552.827647454185,11,4868220.66
EDGE_RECONNECT,788.8754934697172,0.0,144.89394109641168,1.0,1,SYN-4-SPREAD-30,SCN-S1-024,True,32559.24222469942,35,4876024.09
EDGE_RECONNECT,2195.463720881579,0.0,89.09340149613207,1.0,1,SYN-4-SPREAD-30,SCN-S1-025,True,32568.550964671023,31,4874422.39
EDGE_RECONNECT,904.2732936010037,0.0,501.84177031523717,1.0,1,SYN-4-SPREAD-30,SCN-S1-026,True,32584.54712306958,29,4872199.9
EDGE_RECONNECT,1230.6185713583773,0.0,144.89394109641168,1.0,1,SYN-4-SPREAD-30,SCN-S1-027,True,32600.95506020337,34,4873662.66
FEEDER_SWAP,614.6582345464084,0.0,204.98550759937837,1.0,1,SYN-4-SPREAD-30,SCN-S1-028,True,31765.991296657383,1,4766828.88
FEEDER_SWAP,653.6994139627625,0.0,318.3844142305976,1.0,1,SYN-4-SPREAD-30,SCN-S1-029,True,32877.468112693205,36,4917308.41
FEEDER_SWAP,727.7394386919962,0.0,204.98550759937837,1.0,1,SYN-4-SPREAD-30,SCN-S1-030,True,32066.706624393482,3,4802316.06
EDGE_RECONNECT,3731.3980033906555,0.0,501.84177031523717,1.0,1,SYN-4-SPREAD-30,SCN-S1-031,True,32779.572633720265,38,4910973.16
FEEDER_SWAP,781.4751573559472,0.0,318.3844142305976,1.0,1,SYN-4-SPREAD-30,SCN-S1-032,True,32925.013097381474,39,4925531.33
EDGE_RECONNECT,912.5434977883912,0.0,89.09340149613207,1.0,1,SYN-4-SPREAD-30,SCN-S1-033,True,32818.8657907849,32,4903580.49
FEEDER_SWAP,791.857677010516,0.0,112.01022982104504,1.0,1,SYN-4-SPREAD-30,SCN-S1-034,True,32099.20468487583,13,4812272.52
EDGE_RECONNECT,1714.111291360828,0.0,265.0770741023451,1.0,1,SYN-4-SPREAD-30,SCN-S1-035,True,32855.464564927635,30,4910371.96
FEEDER_SWAP,891.109979795992,0.0,112.01022982104504,1.0,1,SYN-4-SPREAD-30,SCN-S1-036,True,32477.797008419042,33,4871893.38
FEEDER_SWAP,949.3600202874275,0.0,357.0413114775068,1.0,1,SYN-4-SPREAD-30,SCN-S1-037,True,33153.100456509375,37,4956899.01
FEEDER_SWAP,964.869164010738,0.0,112.01022982104504,1.0,1,SYN-4-SPREAD-30,SCN-S1-038,True,32975.54416014165,40,4925425.32
FEEDER_SWAP,971.1065961753685,0.0,204.98550759937837,1.0,1,SYN-4-SPREAD-30,SCN-S1-039,True,32320.399025783747,17,4837874.33
FEEDER_SWAP,988.5718228734735,0.0,112.01022982104504,1.0,1,SYN-4-SPREAD-30,SCN-S1-040,True,32976.70665023129,41,4925542.89
EDGE_RECONNECT,855.3281598285704,0.0,156.18012015206136,1.0,1,SYN-5-MIXED-40,SCN-S1-001,True,34766.34729618217,3,5277291.33
EDGE_RECONNECT,922.6512510114061,0.0,548.919943110232,1.0,1,SYN-5-MIXED-40,SCN-S1-002,True,34767.50998565067,13,5288278.71
EDGE_RECONNECT,287.55530409725844,0.0,163.1945140173457,1.0,1,SYN-5-MIXED-40,SCN-S1-003,True,34819.9244505929,11,5288194.67
EDGE_RECONNECT,599.2729882708911,0.0,92.5836095062738,1.0,1,SYN-5-MIXED-40,SCN-S1-004,True,34820.78331908675,9,5287322.38
EDGE_RECONNECT,1913.900382708347,0.0,414.04196967793285,1.0,1,SYN-5-MIXED-40,SCN-S1-005,True,34827.135137150224,7,5288009.1
EDGE_RECONNECT,497.92537160668974,0.0,45.832305357194286,1.0,1,SYN-5-MIXED-40,SCN-S1-006,True,34834.69516946814,16,5291774.44
EDGE_RECONNECT,465.82405068651263,0.0,214.58354549379214,1.0,1,SYN-5-MIXED-40,SCN-S1-007,True,34839.04904345043,8,5289499.61
EDGE_RECONNECT,1687.5604279594525,0.0,214.58354549379214,1.0,1,SYN-5-MIXED-40,SCN-S1-008,True,34839.25627043196,18,5290612.04
EDGE_RECONNECT,1204.4319342027197,0.0,185.77537165243788,1.0,1,SYN-5-MIXED-40,SCN-S1-009,True,34841.89934119712,4,5285280.39
EDGE_RECONNECT,855.3281598285704,0.0,156.18012015206136,1.0,1,SYN-5-MIXED-40,SCN-S1-010,True,34847.76912386951,2,5283982.64
EDGE_RECONNECT,1451.8020012689747,0.0,231.15446667079323,1.0,1,SYN-5-MIXED-40,SCN-S1-011,True,34856.03095101391,15,5291428.77
EDGE_RECONNECT,680.1029311769192,0.0,163.1945140173457,1.0,1,SYN-5-MIXED-40,SCN-S1-012,True,34872.14184268364,19,5295918.39
EDGE_RECONNECT,497.92537160668974,0.0,45.832305357194286,1.0,1,SYN-5-MIXED-40,SCN-S1-013,True,34876.165323337955,10,5292386.82
EDGE_RECONNECT,1856.5320347714303,0.0,92.5836095062738,1.0,1,SYN-5-MIXED-40,SCN-S1-014,True,34878.83605610197,21,5294314.63
EDGE_RECONNECT,933.5552428444308,0.0,231.15446667079323,1.0,1,SYN-5-MIXED-40,SCN-S1-015,True,34879.56166097625,17,5296137.83
EDGE_RECONNECT,599.2729882708911,0.0,92.5836095062738,1.0,1,SYN-5-MIXED-40,SCN-S1-016,True,34898.67377330969,12,5294287.68
EDGE_RECONNECT,287.55530409725844,0.0,163.1945140173457,1.0,1,SYN-5-MIXED-40,SCN-S1-017,True,34918.954821201,20,5299692.68
EDGE_RECONNECT,2664.6339436675507,0.0,45.832305357194286,1.0,1,SYN-5-MIXED-40,SCN-S1-018,True,34925.48315638836,29,5308081.83
EDGE_RECONNECT,493.4845037460261,0.0,231.15446667079323,1.0,1,SYN-5-MIXED-40,SCN-S1-019,True,34961.70518610394,22,5304145.61
FEEDER_SWAP,214.93574425006798,0.0,191.63966168616707,1.0,1,SYN-5-MIXED-40,SCN-S1-020,True,34621.88791354941,1,5257774.67
EDGE_RECONNECT,3126.937949619043,0.0,163.1945140173457,1.0,1,SYN-5-MIXED-40,SCN-S1-021,True,34971.728279627525,26,5310963.18
FEEDER_SWAP,267.56932483664593,0.0,229.126834945533,1.0,1,SYN-5-MIXED-40,SCN-S1-022,True,35379.49077106071,40,5374085.3
EDGE_RECONNECT,493.4845037460261,0.0,231.15446667079323,1.0,1,SYN-5-MIXED-40,SCN-S1-023,True,35027.207028110446,28,5316397.69
EDGE_RECONNECT,987.8030665206193,0.0,214.58354549379214,1.0,1,SYN-5-MIXED-40,SCN-S1-024,True,35029.51273903674,25,5313999.83
EDGE_RECONNECT,811.5717365981476,0.0,227.09920322027276,1.0,1,SYN-5-MIXED-40,SCN-S1-025,True,35066.22245233234,31,5323487.58
EDGE_RECONNECT,754.3437287977284,0.0,227.09920322027276,1.0,1,SYN-5-MIXED-40,SCN-S1-026,True,35086.40421006914,27,5322872.14
FEEDER_SWAP,334.84100097614794,0.0,208.46491916161557,1.0,1,SYN-5-MIXED-40,SCN-S1-027,True,34897.135767300635,5,5293864.36
EDGE_RECONNECT,947.2944804960587,0.0,185.77537165243788,1.0,1,SYN-5-MIXED-40,SCN-S1-028,True,35090.29836474343,24,5320628.98
EDGE_RECONNECT,518.5822083669967,0.0,45.832305357194286,1.0,1,SYN-5-MIXED-40,SCN-S1-029,True,35092.62965627835,34,5329346.1
EDGE_RECONNECT,1807.0367075975653,0.0,227.09920322027276,1.0,1,SYN-5-MIXED-40,SCN-S1-030,True,35105.84506092203,32,5330304.34
FEEDER_SWAP,371.2991348857703,0.0,191.63966168616707,1.0,1,SYN-5-MIXED-40,SCN-S1-031,True,34903.184836656896,14,5303646.69
FEEDER_SWAP,373.61688897001716,0.0,320.7517763082529,1.0,1,SYN-5-MIXED-40,SCN-S1-032,True,35019.084210296336,23,5316086.25
EDGE_RECONNECT,465.82405068651263,0.0,214.58354549379214,1.0,1,SYN-5-MIXED-40,SCN-S1-033,True,35134.14861277984,35,5333819.73
EDGE_RECONNECT,947.2944804960587,0.0,185.77537165243788,1.0,1,SYN-5-MIXED-40,SCN-S1-034,True,35135.95199132348,33,5333286.71
EDGE_RECONNECT,898.2515814319803,0.0,414.04196967793285,1.0,1,SYN-5-MIXED-40,SCN-S1-035,True,35138.897635070025,39,5340801.16
EDGE_RECONNECT,754.3437287977284,0.0,227.09920322027276,1.0,1,SYN-5-MIXED-40,SCN-S1-036,True,35163.76781686534,37,5338102.49
EDGE_RECONNECT,1811.0966442680478,0.0,548.919943110232,1.0,1,SYN-5-MIXED-40,SCN-S1-037,True,35166.79258542801,41,5343649.08
FEEDER_SWAP,438.6807705250805,0.0,314.3127575858625,1.0,1,SYN-5-MIXED-40,SCN-S1-038,True,35199.31656687184,36,5338992.53
EDGE_RECONNECT,922.6512510114061,0.0,548.919943110232,1.0,1,SYN-5-MIXED-40,SCN-S1-039,True,35192.49431934781,38,5347607.28
FEEDER_SWAP,460.2035169189778,0.0,320.7517763082529,1.0,1,SYN-5-MIXED-40,SCN-S1-040,True,35213.95098738253,30,5341549.84
